{"cameraMode":{"drawMode":0,"name":"Shaded","section":"Shading Mode"},"sceneLighting":true,"audioPlay":false,"sceneViewState":{"showFog":true,"showMaterialUpdate":false,"showSkybox":true,"showFlares":true,"showImageEffects":true,"showParticleSystems":true,"showVisualEffectGraphs":true,"m_FxEnabled":true},"in2DMode":false,"pivot":{"x":61.355018615722659,"y":2.9345321655273439,"z":4.6792683601379398},"rotation":{"x":-0.001322532189078629,"y":-0.9824129939079285,"z":0.18670855462551118,"w":-0.007086500059813261},"size":1.4914402961730958,"orthographic":false}