{"cameraMode":{"drawMode":0,"name":"Shaded","section":"Shading Mode"},"sceneLighting":true,"audioPlay":false,"sceneViewState":{"showFog":true,"showMaterialUpdate":false,"showSkybox":true,"showFlares":true,"showImageEffects":true,"showParticleSystems":true,"showVisualEffectGraphs":true,"m_FxEnabled":true},"in2DMode":false,"pivot":{"x":25.96025276184082,"y":-21.909107208251954,"z":58.351139068603519},"rotation":{"x":-0.22567273676395417,"y":0.13309018313884736,"z":-0.031112710013985635,"w":-0.9646219611167908},"size":58.163639068603519,"orthographic":false}