{"cameraMode":{"drawMode":0,"name":"Shaded","section":"Shading Mode"},"sceneLighting":true,"audioPlay":false,"sceneViewState":{"showFog":true,"showMaterialUpdate":false,"showSkybox":true,"showFlares":true,"showImageEffects":true,"showParticleSystems":true,"showVisualEffectGraphs":true,"m_FxEnabled":true},"in2DMode":false,"pivot":{"x":-0.17810732126235963,"y":1.9481704235076905,"z":-2.1293632984161379},"rotation":{"x":5.490203989211295e-7,"y":0.999981701374054,"z":-0.00030918497941456735,"w":0.0063008395954966549},"size":1.0987461805343629,"orthographic":false}